<?xml version="1.0" encoding="utf-8"?>
<!--/832562/1593335/2.50/28/2/Connector/-->
<quadcept_library>
  <setting unit="mil" />
  <textstyle name="Default" height="47.244094488189" strokewidth="7.8740157480315" charwidth="47.244094488189" />
  <textstyle name="Dimension" height="19.6850393700787" strokewidth="0" charwidth="19.6850393700787" />
  <textstyle name="H127W0635TH00762" height="50" strokewidth="3" charwidth="25" />
  <textstyle name="H15W15TH02" height="59.0551181102362" strokewidth="7.8740157480315" charwidth="59.0551181102362" />
  <padstyle name="r130_27" surface="True" plated="False" isvia="False" nopaste="False" nomask="True" complex="False" holesize="0">
    <padshape layer="TOP" shape="rectangle" width="10.629921259842" height="51.181102362204" />
    <padshape layer="TOP_SOLDER_MASK" shape="rectangle" width="18.503937007874" height="59.055118110235" />
    <padshape layer="TOP_SOLDER_PASTE" shape="rectangle" width="10.629921259842" height="51.181102362204" />
  </padstyle>
  <padstyle name="c195_h130" surface="False" plated="True" isvia="False" nopaste="True" nomask="True" complex="False" holesize="51.181102362204">
    <padshape layer="TOP" shape="round" width="76.771653543306" height="76.771653543306" />
    <padshape layer="TOP_SOLDER_MASK" shape="round" width="84.645669291338" height="84.645669291338" />
    <padshape layer="INNER" shape="round" width="76.771653543306" height="76.771653543306" />
    <padshape layer="BOTTOM" shape="round" width="76.771653543306" height="76.771653543306" />
    <padshape layer="BOTTOM_SOLDER_MASK" shape="round" width="84.645669291338" height="84.645669291338" />
  </padstyle>
  <padstyle name="c30_h60" surface="False" plated="True" isvia="False" nopaste="True" nomask="True" complex="False" holesize="23.622047244094">
    <padshape layer="TOP" shape="round" width="11.811023622047" height="11.811023622047" />
    <padshape layer="TOP_SOLDER_MASK" shape="round" width="19.685039370078" height="19.685039370078" />
    <padshape layer="INNER" shape="round" width="11.811023622047" height="11.811023622047" />
    <padshape layer="BOTTOM" shape="round" width="11.811023622047" height="11.811023622047" />
    <padshape layer="BOTTOM_SOLDER_MASK" shape="round" width="19.685039370078" height="19.685039370078" />
  </padstyle>
  <footprint name="DX07S024WJ3R400" originx="0" originy="0" pickpointx="0" pickpointy="0">
    <pcbpin number="1" name="A1" style="r130_27" originx="-108.26771653543" originy="68.897637795275" rotation="0" />
    <pcbpin number="2" name="A2" style="r130_27" originx="-88.582677165353" originy="68.897637795275" rotation="0" />
    <pcbpin number="3" name="A3" style="r130_27" originx="-68.897637795275" originy="68.897637795275" rotation="0" />
    <pcbpin number="4" name="A4" style="r130_27" originx="-49.212598425196" originy="68.897637795275" rotation="0" />
    <pcbpin number="5" name="A5" style="r130_27" originx="-29.527559055118" originy="68.897637795275" rotation="0" />
    <pcbpin number="6" name="A6" style="r130_27" originx="-9.8425196850392" originy="68.897637795275" rotation="0" />
    <pcbpin number="7" name="A7" style="r130_27" originx="9.8425196850392" originy="68.897637795275" rotation="0" />
    <pcbpin number="8" name="A8" style="r130_27" originx="29.527559055118" originy="68.897637795275" rotation="0" />
    <pcbpin number="9" name="A9" style="r130_27" originx="49.212598425196" originy="68.897637795275" rotation="0" />
    <pcbpin number="10" name="A10" style="r130_27" originx="68.897637795275" originy="68.897637795275" rotation="0" />
    <pcbpin number="11" name="A11" style="r130_27" originx="88.582677165353" originy="68.897637795275" rotation="0" />
    <pcbpin number="12" name="A12" style="r130_27" originx="108.26771653543" originy="68.897637795275" rotation="0" />
    <pcbpin number="13" name="B1" style="r130_27" originx="108.26771653543" originy="-68.897637795275" rotation="0" />
    <pcbpin number="14" name="B2" style="r130_27" originx="88.582677165353" originy="-68.897637795275" rotation="0" />
    <pcbpin number="15" name="B3" style="r130_27" originx="68.897637795275" originy="-68.897637795275" rotation="0" />
    <pcbpin number="16" name="B4" style="r130_27" originx="49.212598425196" originy="-68.897637795275" rotation="0" />
    <pcbpin number="17" name="B5" style="r130_27" originx="29.527559055118" originy="-68.897637795275" rotation="0" />
    <pcbpin number="18" name="B6" style="r130_27" originx="9.8425196850392" originy="-68.897637795275" rotation="0" />
    <pcbpin number="19" name="B7" style="r130_27" originx="-9.8425196850392" originy="-68.897637795275" rotation="0" />
    <pcbpin number="20" name="B8" style="r130_27" originx="-29.527559055118" originy="-68.897637795275" rotation="0" />
    <pcbpin number="21" name="B9" style="r130_27" originx="-49.212598425196" originy="-68.897637795275" rotation="0" />
    <pcbpin number="22" name="B10" style="r130_27" originx="-68.897637795275" originy="-68.897637795275" rotation="0" />
    <pcbpin number="23" name="B11" style="r130_27" originx="-88.582677165353" originy="-68.897637795275" rotation="0" />
    <pcbpin number="24" name="B12" style="r130_27" originx="-108.26771653543" originy="-68.897637795275" rotation="0" />
    <pcbpin number="25" name="MH1" style="c195_h130" originx="-161.41732283464" originy="57.874015748031" rotation="90" />
    <pcbpin number="26" name="MH2" style="c195_h130" originx="161.41732283464" originy="57.874015748031" rotation="90" />
    <pcbpin number="27" name="MH3" style="c195_h130" originx="161.41732283464" originy="-57.874015748031" rotation="90" />
    <pcbpin number="28" name="MH4" style="c195_h130" originx="-161.41732283464" originy="-57.874015748031" rotation="90" />
    <pcbpin number="29" name="MH5" style="c30_h60" originx="-216.53543307086" originy="51.181102362204" rotation="90" />
    <pcbpin number="30" name="MH6" style="c30_h60" originx="216.53543307086" originy="51.181102362204" rotation="90" />
    <line layer="TOP_PLACE_BOUND" originx="-275.5905511811" originy="138.58267716535" endx="275.5905511811" endy="138.58267716535" width="3.9370078740157" />
    <line layer="TOP_PLACE_BOUND" originx="275.5905511811" originy="138.58267716535" endx="275.5905511811" endy="-138.58267716535" width="3.9370078740157" />
    <line layer="TOP_PLACE_BOUND" originx="275.5905511811" originy="-138.58267716535" endx="-275.5905511811" endy="-138.58267716535" width="3.9370078740157" />
    <line layer="TOP_PLACE_BOUND" originx="-275.5905511811" originy="-138.58267716535" endx="-275.5905511811" endy="138.58267716535" width="3.9370078740157" />
    <line layer="TOP_ASSEMBLY" originx="0" originy="-59.055118110235" endx="-120.07874015748" endy="-59.055118110235" width="3.9370078740157" />
    <line layer="TOP_ASSEMBLY" originx="-120.07874015748" originy="-59.055118110235" endx="-120.07874015748" endy="-59.055118110235" width="3.9370078740157" />
    <arc layer="TOP_ASSEMBLY" originx="-120.07874015748" originy="0" startangle="-90.0" sweepangle="-180.0" radius="59.055118110235" width="3.9370078740157" />
    <line layer="TOP_ASSEMBLY" originx="-120.07874015748" originy="59.055118110235" endx="120.07874015748" endy="59.055118110235" width="3.9370078740157" />
    <line layer="TOP_ASSEMBLY" originx="120.07874015748" originy="59.055118110235" endx="120.07874015748" endy="59.055118110235" width="3.9370078740157" />
    <arc layer="TOP_ASSEMBLY" originx="120.07874015748" originy="0" startangle="90.0" sweepangle="-180.0" radius="59.055118110235" width="3.9370078740157" />
    <line layer="TOP_ASSEMBLY" originx="120.07874015748" originy="-59.055118110235" endx="0" endy="-59.055118110235" width="3.9370078740157" />
    <line layer="TOP_ASSEMBLY" originx="173.22834645669" originy="23.622047244094" endx="196.85039370078" endy="23.622047244094" width="3.9370078740157" />
    <line layer="TOP_ASSEMBLY" originx="196.85039370078" originy="23.622047244094" endx="196.85039370078" endy="98.425196850392" width="3.9370078740157" />
    <line layer="TOP_ASSEMBLY" originx="196.85039370078" originy="98.425196850392" endx="220.47244094488" endy="98.425196850392" width="3.9370078740157" />
    <line layer="TOP_ASSEMBLY" originx="220.47244094488" originy="98.425196850392" endx="236.22047244094" endy="86.614173228345" width="3.9370078740157" />
    <line layer="TOP_ASSEMBLY" originx="236.22047244094" originy="86.614173228345" endx="236.22047244094" endy="-86.614173228345" width="3.9370078740157" />
    <line layer="TOP_ASSEMBLY" originx="236.22047244094" originy="-86.614173228345" endx="220.47244094488" endy="-98.425196850392" width="3.9370078740157" />
    <line layer="TOP_ASSEMBLY" originx="220.47244094488" originy="-98.425196850392" endx="196.85039370078" endy="-98.425196850392" width="3.9370078740157" />
    <line layer="TOP_ASSEMBLY" originx="196.85039370078" originy="-98.425196850392" endx="196.85039370078" endy="-23.622047244094" width="3.9370078740157" />
    <line layer="TOP_ASSEMBLY" originx="196.85039370078" originy="-23.622047244094" endx="173.22834645669" endy="-23.622047244094" width="3.9370078740157" />
    <line layer="TOP_ASSEMBLY" originx="-173.22834645669" originy="23.622047244094" endx="-196.85039370078" endy="23.622047244094" width="3.9370078740157" />
    <line layer="TOP_ASSEMBLY" originx="-196.85039370078" originy="23.622047244094" endx="-196.85039370078" endy="98.425196850392" width="3.9370078740157" />
    <line layer="TOP_ASSEMBLY" originx="-196.85039370078" originy="98.425196850392" endx="-224.40944881889" endy="98.425196850392" width="3.9370078740157" />
    <line layer="TOP_ASSEMBLY" originx="-224.40944881889" originy="98.425196850392" endx="-236.22047244094" endy="86.614173228345" width="3.9370078740157" />
    <line layer="TOP_ASSEMBLY" originx="-236.22047244094" originy="86.614173228345" endx="-236.22047244094" endy="-86.614173228345" width="3.9370078740157" />
    <line layer="TOP_ASSEMBLY" originx="-236.22047244094" originy="-86.614173228345" endx="-224.40944881889" endy="-98.425196850392" width="3.9370078740157" />
    <line layer="TOP_ASSEMBLY" originx="-224.40944881889" originy="-98.425196850392" endx="-196.85039370078" endy="-98.425196850392" width="3.9370078740157" />
    <line layer="TOP_ASSEMBLY" originx="-196.85039370078" originy="-98.425196850392" endx="-196.85039370078" endy="-23.622047244094" width="3.9370078740157" />
    <line layer="TOP_ASSEMBLY" originx="-196.85039370078" originy="-23.622047244094" endx="-173.22834645669" endy="-23.622047244094" width="3.9370078740157" />
    <line layer="TOP_SILKSCREEN" originx="-108.26771653543" originy="112.20472440945" endx="-108.26771653543" endy="112.20472440945" width="9.8425196850392" />
    <arc layer="TOP_SILKSCREEN" originx="-108.26771653543" originy="117.12598425197" startangle="-90.0" sweepangle="180.0" radius="4.9212598425196" width="9.8425196850392" />
    <line layer="TOP_SILKSCREEN" originx="-108.26771653543" originy="122.04724409449" endx="-108.26771653543" endy="122.04724409449" width="9.8425196850392" />
    <arc layer="TOP_SILKSCREEN" originx="-108.26771653543" originy="117.12598425197" startangle="90.0" sweepangle="180.0" radius="4.9212598425196" width="9.8425196850392" />
    <line layer="TOP_SILKSCREEN" originx="236.22047244094" originy="31.496062992126" endx="236.22047244094" endy="-86.614173228345" width="7.8740157480314" />
    <line layer="TOP_SILKSCREEN" originx="236.22047244094" originy="-86.614173228345" endx="220.47244094488" endy="-98.425196850392" width="7.8740157480314" />
    <line layer="TOP_SILKSCREEN" originx="220.47244094488" originy="-98.425196850392" endx="196.85039370078" endy="-98.425196850392" width="7.8740157480314" />
    <line layer="TOP_SILKSCREEN" originx="196.85039370078" originy="98.425196850392" endx="220.47244094488" endy="98.425196850392" width="7.8740157480314" />
    <line layer="TOP_SILKSCREEN" originx="220.47244094488" originy="98.425196850392" endx="236.22047244094" endy="86.614173228345" width="7.8740157480314" />
    <line layer="TOP_SILKSCREEN" originx="236.22047244094" originy="86.614173228345" endx="236.22047244094" endy="68.897637795275" width="7.8740157480314" />
    <line layer="TOP_SILKSCREEN" originx="-196.85039370078" originy="98.425196850392" endx="-224.40944881889" endy="98.425196850392" width="7.8740157480314" />
    <line layer="TOP_SILKSCREEN" originx="-224.40944881889" originy="98.425196850392" endx="-236.22047244094" endy="86.614173228345" width="7.8740157480314" />
    <line layer="TOP_SILKSCREEN" originx="-236.22047244094" originy="86.614173228345" endx="-236.22047244094" endy="68.897637795275" width="7.8740157480314" />
    <line layer="TOP_SILKSCREEN" originx="-236.22047244094" originy="31.496062992126" endx="-236.22047244094" endy="-86.614173228345" width="7.8740157480314" />
    <line layer="TOP_SILKSCREEN" originx="-236.22047244094" originy="-86.614173228345" endx="-224.40944881889" endy="-98.425196850392" width="7.8740157480314" />
    <line layer="TOP_SILKSCREEN" originx="-224.40944881889" originy="-98.425196850392" endx="-196.85039370078" endy="-98.425196850392" width="7.8740157480314" />
    <line layer="TOP_SILKSCREEN" originx="-196.85039370078" originy="-98.425196850392" endx="-196.85039370078" endy="-94.488188976377" width="7.8740157480314" />
  </footprint>
  <symbol name="DX07S024WJ3R400" originx="0" originy="0">
    <line originx="200" originy="500" endx="1500" endy="500" width="0" />
    <line originx="1500" originy="-600" endx="1500" endy="500" width="0" />
    <line originx="1500" originy="-600" endx="200" endy="-600" width="0" />
    <line originx="200" originy="500" endx="200" endy="-600" width="0" />
    <sympin number="1" originx="300" originy="500" rotation="90" length="100" width="7.8740157480315" flipped="False">
      <text name="pinname" originx="300" originy="470" style="Default" rotation="0" justify="right" flipped="False" hidden="False" data="GND_1" />
      <text name="pindes" originx="280" originy="560" style="Default" rotation="0" justify="lowerleft" flipped="False" hidden="False" data="A1" />
    </sympin>
    <sympin number="2" originx="400" originy="500" rotation="90" length="100" width="7.8740157480315" flipped="False">
      <text name="pinname" originx="400" originy="470" style="Default" rotation="0" justify="right" flipped="False" hidden="False" data="TX1+" />
      <text name="pindes" originx="380" originy="560" style="Default" rotation="0" justify="lowerleft" flipped="False" hidden="False" data="A2" />
    </sympin>
    <sympin number="3" originx="500" originy="500" rotation="90" length="100" width="7.8740157480315" flipped="False">
      <text name="pinname" originx="500" originy="470" style="Default" rotation="0" justify="right" flipped="False" hidden="False" data="TX1-" />
      <text name="pindes" originx="480" originy="560" style="Default" rotation="0" justify="lowerleft" flipped="False" hidden="False" data="A3" />
    </sympin>
    <sympin number="4" originx="600" originy="500" rotation="90" length="100" width="7.8740157480315" flipped="False">
      <text name="pinname" originx="600" originy="470" style="Default" rotation="0" justify="right" flipped="False" hidden="False" data="VBUS_1" />
      <text name="pindes" originx="580" originy="560" style="Default" rotation="0" justify="lowerleft" flipped="False" hidden="False" data="A4" />
    </sympin>
    <sympin number="5" originx="700" originy="500" rotation="90" length="100" width="7.8740157480315" flipped="False">
      <text name="pinname" originx="700" originy="470" style="Default" rotation="0" justify="right" flipped="False" hidden="False" data="CC1" />
      <text name="pindes" originx="680" originy="560" style="Default" rotation="0" justify="lowerleft" flipped="False" hidden="False" data="A5" />
    </sympin>
    <sympin number="6" originx="800" originy="500" rotation="90" length="100" width="7.8740157480315" flipped="False">
      <text name="pinname" originx="800" originy="470" style="Default" rotation="0" justify="right" flipped="False" hidden="False" data="D+_1" />
      <text name="pindes" originx="780" originy="560" style="Default" rotation="0" justify="lowerleft" flipped="False" hidden="False" data="A6" />
    </sympin>
    <sympin number="7" originx="900" originy="500" rotation="90" length="100" width="7.8740157480315" flipped="False">
      <text name="pinname" originx="900" originy="470" style="Default" rotation="0" justify="right" flipped="False" hidden="False" data="D-_1" />
      <text name="pindes" originx="880" originy="560" style="Default" rotation="0" justify="lowerleft" flipped="False" hidden="False" data="A7" />
    </sympin>
    <sympin number="8" originx="1000" originy="500" rotation="90" length="100" width="7.8740157480315" flipped="False">
      <text name="pinname" originx="1000" originy="470" style="Default" rotation="0" justify="right" flipped="False" hidden="False" data="SBU1" />
      <text name="pindes" originx="980" originy="560" style="Default" rotation="0" justify="lowerleft" flipped="False" hidden="False" data="A8" />
    </sympin>
    <sympin number="9" originx="1100" originy="500" rotation="90" length="100" width="7.8740157480315" flipped="False">
      <text name="pinname" originx="1100" originy="470" style="Default" rotation="0" justify="right" flipped="False" hidden="False" data="VBUS_2" />
      <text name="pindes" originx="1080" originy="560" style="Default" rotation="0" justify="lowerleft" flipped="False" hidden="False" data="A9" />
    </sympin>
    <sympin number="10" originx="1200" originy="500" rotation="90" length="100" width="7.8740157480315" flipped="False">
      <text name="pinname" originx="1200" originy="470" style="Default" rotation="0" justify="right" flipped="False" hidden="False" data="RX2-" />
      <text name="pindes" originx="1180" originy="560" style="Default" rotation="0" justify="lowerleft" flipped="False" hidden="False" data="A10" />
    </sympin>
    <sympin number="11" originx="1300" originy="500" rotation="90" length="100" width="7.8740157480315" flipped="False">
      <text name="pinname" originx="1300" originy="470" style="Default" rotation="0" justify="right" flipped="False" hidden="False" data="RX2+" />
      <text name="pindes" originx="1280" originy="560" style="Default" rotation="0" justify="lowerleft" flipped="False" hidden="False" data="A11" />
    </sympin>
    <sympin number="12" originx="1400" originy="500" rotation="90" length="100" width="7.8740157480315" flipped="False">
      <text name="pinname" originx="1400" originy="470" style="Default" rotation="0" justify="right" flipped="False" hidden="False" data="GND_2" />
      <text name="pindes" originx="1380" originy="560" style="Default" rotation="0" justify="lowerleft" flipped="False" hidden="False" data="A12" />
    </sympin>
    <sympin number="13" originx="1400" originy="-600" rotation="270" length="100" width="7.8740157480315" flipped="False">
      <text name="pinname" originx="1400" originy="-570" style="Default" rotation="0" justify="left" flipped="False" hidden="False" data="GND_3" />
      <text name="pindes" originx="1380" originy="-660" style="Default" rotation="0" justify="lowerright" flipped="False" hidden="False" data="B1" />
    </sympin>
    <sympin number="14" originx="1300" originy="-600" rotation="270" length="100" width="7.8740157480315" flipped="False">
      <text name="pinname" originx="1300" originy="-570" style="Default" rotation="0" justify="left" flipped="False" hidden="False" data="TX2+" />
      <text name="pindes" originx="1280" originy="-660" style="Default" rotation="0" justify="lowerright" flipped="False" hidden="False" data="B2" />
    </sympin>
    <sympin number="15" originx="1200" originy="-600" rotation="270" length="100" width="7.8740157480315" flipped="False">
      <text name="pinname" originx="1200" originy="-570" style="Default" rotation="0" justify="left" flipped="False" hidden="False" data="TX2-" />
      <text name="pindes" originx="1180" originy="-660" style="Default" rotation="0" justify="lowerright" flipped="False" hidden="False" data="B3" />
    </sympin>
    <sympin number="16" originx="1100" originy="-600" rotation="270" length="100" width="7.8740157480315" flipped="False">
      <text name="pinname" originx="1100" originy="-570" style="Default" rotation="0" justify="left" flipped="False" hidden="False" data="VBUS_3" />
      <text name="pindes" originx="1080" originy="-660" style="Default" rotation="0" justify="lowerright" flipped="False" hidden="False" data="B4" />
    </sympin>
    <sympin number="17" originx="1000" originy="-600" rotation="270" length="100" width="7.8740157480315" flipped="False">
      <text name="pinname" originx="1000" originy="-570" style="Default" rotation="0" justify="left" flipped="False" hidden="False" data="CC2" />
      <text name="pindes" originx="980" originy="-660" style="Default" rotation="0" justify="lowerright" flipped="False" hidden="False" data="B5" />
    </sympin>
    <sympin number="18" originx="900" originy="-600" rotation="270" length="100" width="7.8740157480315" flipped="False">
      <text name="pinname" originx="900" originy="-570" style="Default" rotation="0" justify="left" flipped="False" hidden="False" data="D+_2" />
      <text name="pindes" originx="880" originy="-660" style="Default" rotation="0" justify="lowerright" flipped="False" hidden="False" data="B6" />
    </sympin>
    <sympin number="19" originx="800" originy="-600" rotation="270" length="100" width="7.8740157480315" flipped="False">
      <text name="pinname" originx="800" originy="-570" style="Default" rotation="0" justify="left" flipped="False" hidden="False" data="D-_2" />
      <text name="pindes" originx="780" originy="-660" style="Default" rotation="0" justify="lowerright" flipped="False" hidden="False" data="B7" />
    </sympin>
    <sympin number="20" originx="700" originy="-600" rotation="270" length="100" width="7.8740157480315" flipped="False">
      <text name="pinname" originx="700" originy="-570" style="Default" rotation="0" justify="left" flipped="False" hidden="False" data="SBU2" />
      <text name="pindes" originx="680" originy="-660" style="Default" rotation="0" justify="lowerright" flipped="False" hidden="False" data="B8" />
    </sympin>
    <sympin number="21" originx="600" originy="-600" rotation="270" length="100" width="7.8740157480315" flipped="False">
      <text name="pinname" originx="600" originy="-570" style="Default" rotation="0" justify="left" flipped="False" hidden="False" data="VBUS_4" />
      <text name="pindes" originx="580" originy="-660" style="Default" rotation="0" justify="lowerright" flipped="False" hidden="False" data="B9" />
    </sympin>
    <sympin number="22" originx="500" originy="-600" rotation="270" length="100" width="7.8740157480315" flipped="False">
      <text name="pinname" originx="500" originy="-570" style="Default" rotation="0" justify="left" flipped="False" hidden="False" data="RX1-" />
      <text name="pindes" originx="480" originy="-660" style="Default" rotation="0" justify="lowerright" flipped="False" hidden="False" data="B10" />
    </sympin>
    <sympin number="23" originx="400" originy="-600" rotation="270" length="100" width="7.8740157480315" flipped="False">
      <text name="pinname" originx="400" originy="-570" style="Default" rotation="0" justify="left" flipped="False" hidden="False" data="RX1+" />
      <text name="pindes" originx="380" originy="-660" style="Default" rotation="0" justify="lowerright" flipped="False" hidden="False" data="B11" />
    </sympin>
    <sympin number="24" originx="300" originy="-600" rotation="270" length="100" width="7.8740157480315" flipped="False">
      <text name="pinname" originx="300" originy="-570" style="Default" rotation="0" justify="left" flipped="False" hidden="False" data="GND_4" />
      <text name="pindes" originx="280" originy="-660" style="Default" rotation="0" justify="lowerright" flipped="False" hidden="False" data="B12" />
    </sympin>
    <sympin number="25" originx="200" originy="0" rotation="180" length="100" width="7.8740157480315" flipped="False">
      <text name="pinname" originx="230" originy="0" style="Default" rotation="0" justify="left" flipped="False" hidden="False" data="MH1" />
      <text name="pindes" originx="140" originy="20" style="Default" rotation="0" justify="lowerright" flipped="False" hidden="False" data="MH1" />
    </sympin>
    <sympin number="26" originx="1500" originy="0" rotation="0" length="100" width="7.8740157480315" flipped="False">
      <text name="pinname" originx="1470" originy="0" style="Default" rotation="0" justify="right" flipped="False" hidden="False" data="MH2" />
      <text name="pindes" originx="1560" originy="20" style="Default" rotation="0" justify="lowerleft" flipped="False" hidden="False" data="MH2" />
    </sympin>
    <sympin number="27" originx="1500" originy="-100" rotation="0" length="100" width="7.8740157480315" flipped="False">
      <text name="pinname" originx="1470" originy="-100" style="Default" rotation="0" justify="right" flipped="False" hidden="False" data="MH3" />
      <text name="pindes" originx="1560" originy="-80" style="Default" rotation="0" justify="lowerleft" flipped="False" hidden="False" data="MH3" />
    </sympin>
    <sympin number="28" originx="200" originy="-100" rotation="180" length="100" width="7.8740157480315" flipped="False">
      <text name="pinname" originx="230" originy="-100" style="Default" rotation="0" justify="left" flipped="False" hidden="False" data="MH4" />
      <text name="pindes" originx="140" originy="-80" style="Default" rotation="0" justify="lowerright" flipped="False" hidden="False" data="MH4" />
    </sympin>
  </symbol>
  <component name="DX07S024WJ3R400" designatorprefix="J" height="401.5748031496" footprint="DX07S024WJ3R400">
    <comppin designator="A1" sympin="1" pinswap="0" gateswap="0" gate="1" group="1" side="" type="Any" name="GND_1" />
    <comppin designator="A2" sympin="2" pinswap="0" gateswap="0" gate="1" group="1" side="" type="Any" name="TX1+" />
    <comppin designator="A3" sympin="3" pinswap="0" gateswap="0" gate="1" group="1" side="" type="Any" name="TX1-" />
    <comppin designator="A4" sympin="4" pinswap="0" gateswap="0" gate="1" group="1" side="" type="Any" name="VBUS_1" />
    <comppin designator="A5" sympin="5" pinswap="0" gateswap="0" gate="1" group="1" side="" type="Any" name="CC1" />
    <comppin designator="A6" sympin="6" pinswap="0" gateswap="0" gate="1" group="1" side="" type="Any" name="D+_1" />
    <comppin designator="A7" sympin="7" pinswap="0" gateswap="0" gate="1" group="1" side="" type="Any" name="D-_1" />
    <comppin designator="A8" sympin="8" pinswap="0" gateswap="0" gate="1" group="1" side="" type="Any" name="SBU1" />
    <comppin designator="A9" sympin="9" pinswap="0" gateswap="0" gate="1" group="1" side="" type="Any" name="VBUS_2" />
    <comppin designator="A10" sympin="10" pinswap="0" gateswap="0" gate="1" group="1" side="" type="Any" name="RX2-" />
    <comppin designator="A11" sympin="11" pinswap="0" gateswap="0" gate="1" group="1" side="" type="Any" name="RX2+" />
    <comppin designator="A12" sympin="12" pinswap="0" gateswap="0" gate="1" group="1" side="" type="Any" name="GND_2" />
    <comppin designator="B1" sympin="13" pinswap="0" gateswap="0" gate="1" group="1" side="" type="Any" name="GND_3" />
    <comppin designator="B2" sympin="14" pinswap="0" gateswap="0" gate="1" group="1" side="" type="Any" name="TX2+" />
    <comppin designator="B3" sympin="15" pinswap="0" gateswap="0" gate="1" group="1" side="" type="Any" name="TX2-" />
    <comppin designator="B4" sympin="16" pinswap="0" gateswap="0" gate="1" group="1" side="" type="Any" name="VBUS_3" />
    <comppin designator="B5" sympin="17" pinswap="0" gateswap="0" gate="1" group="1" side="" type="Any" name="CC2" />
    <comppin designator="B6" sympin="18" pinswap="0" gateswap="0" gate="1" group="1" side="" type="Any" name="D+_2" />
    <comppin designator="B7" sympin="19" pinswap="0" gateswap="0" gate="1" group="1" side="" type="Any" name="D-_2" />
    <comppin designator="B8" sympin="20" pinswap="0" gateswap="0" gate="1" group="1" side="" type="Any" name="SBU2" />
    <comppin designator="B9" sympin="21" pinswap="0" gateswap="0" gate="1" group="1" side="" type="Any" name="VBUS_4" />
    <comppin designator="B10" sympin="22" pinswap="0" gateswap="0" gate="1" group="1" side="" type="Any" name="RX1-" />
    <comppin designator="B11" sympin="23" pinswap="0" gateswap="0" gate="1" group="1" side="" type="Any" name="RX1+" />
    <comppin designator="B12" sympin="24" pinswap="0" gateswap="0" gate="1" group="1" side="" type="Any" name="GND_4" />
    <comppin designator="MH1" sympin="25" pinswap="0" gateswap="0" gate="1" group="1" side="" type="Any" name="MH1" />
    <comppin designator="MH2" sympin="26" pinswap="0" gateswap="0" gate="1" group="1" side="" type="Any" name="MH2" />
    <comppin designator="MH3" sympin="27" pinswap="0" gateswap="0" gate="1" group="1" side="" type="Any" name="MH3" />
    <comppin designator="MH4" sympin="28" pinswap="0" gateswap="0" gate="1" group="1" side="" type="Any" name="MH4" />
    <attached_symbol gate="1" name="DX07S024WJ3R400" />
    <pinmap designator="A1" footprintpin="1" />
    <pinmap designator="A2" footprintpin="2" />
    <pinmap designator="A3" footprintpin="3" />
    <pinmap designator="A4" footprintpin="4" />
    <pinmap designator="A5" footprintpin="5" />
    <pinmap designator="A6" footprintpin="6" />
    <pinmap designator="A7" footprintpin="7" />
    <pinmap designator="A8" footprintpin="8" />
    <pinmap designator="A9" footprintpin="9" />
    <pinmap designator="A10" footprintpin="10" />
    <pinmap designator="A11" footprintpin="11" />
    <pinmap designator="A12" footprintpin="12" />
    <pinmap designator="B1" footprintpin="13" />
    <pinmap designator="B2" footprintpin="14" />
    <pinmap designator="B3" footprintpin="15" />
    <pinmap designator="B4" footprintpin="16" />
    <pinmap designator="B5" footprintpin="17" />
    <pinmap designator="B6" footprintpin="18" />
    <pinmap designator="B7" footprintpin="19" />
    <pinmap designator="B8" footprintpin="20" />
    <pinmap designator="B9" footprintpin="21" />
    <pinmap designator="B10" footprintpin="22" />
    <pinmap designator="B11" footprintpin="23" />
    <pinmap designator="B12" footprintpin="24" />
    <pinmap designator="MH1" footprintpin="25" />
    <pinmap designator="MH2" footprintpin="26" />
    <pinmap designator="MH3" footprintpin="27" />
    <pinmap designator="MH4" footprintpin="28" />
    <text name="Datasheet" originx="0" originy="0" style="Default" rotation="0" justify="" flipped="False" hidden="True" data="https://www.jae.com/direct/topics/topics_file_download/topics_id=66513&amp;ext_no=06&amp;_lang=en&amp;v=" />
    <text name="Description" originx="0" originy="0" style="Default" rotation="0" justify="" flipped="False" hidden="True" data="Input/Output Connector, USB Type-C connector, 24 pos., Height: 10 mm, 2-row , Vertical-Receptacle" />
    <text name="Manufacturer_Name" originx="0" originy="0" style="Default" rotation="0" justify="" flipped="False" hidden="True" data="JAE" />
    <text name="Manufacturer_Part_Number" originx="1550" originy="600" style="Default" rotation="0" justify="left" flipped="False" hidden="False" data="DX07S024WJ3R400" />
    <text name="Mouser Part Number" originx="0" originy="0" style="Default" rotation="0" justify="" flipped="False" hidden="True" data="656-DX07S0024WJ3R400" />
    <text name="Mouser Price/Stock" originx="0" originy="0" style="Default" rotation="0" justify="" flipped="False" hidden="True" data="https://www.mouser.co.uk/ProductDetail/JAE-Electronics/DX07S024WJ3R400?qs=Ps1sUSMe7kmTGGC30IqfqQ%3D%3D" />
    <text name="Arrow Part Number" originx="0" originy="0" style="Default" rotation="0" justify="" flipped="False" hidden="True" data="" />
    <text name="Arrow Price/Stock" originx="0" originy="0" style="Default" rotation="0" justify="" flipped="False" hidden="True" data="" />
  </component>
</quadcept_library>
